,Recharging Point,Battery Life,Weekend Usage (per day),Total Energy Consumption (per person),Total Yearly Cost (per person)
0,0.8285694800026424,3.619572976884741,11.792418598469293,0.465250364633344,2.9031622753120665
